i,name
0,Abalone
1,Acyrthosiphon pisum Aphid
2,Aedes aegypti Mosquito
3,Aedes aegypti Mosquito Larva
4,Aesculapian Snake
5,African Bullfrog
6,African Civet
7,African Clawed Toad
8,African Finfoot
9,African Golden Cat
10,African Oryx
11,African Painted Dog
12,African Penguin
13,African Wild Boar
14,African Wild Dog
15,Agouti
16,Agraulis vanilla Caterpillar
17,Alauda arvensis Bird
18,Albatross
19,Aldabrachelys gigantea Tortoise
20,Alfalfa Leafcutting Bee
21,Alligator
22,Alpaca
23,Alpine Newt
24,Altantic Stingray
25,Amazon Milk Frog
26,Anartia jatrophae
27,Anas crecca Bird
28,Anas platyrhynchos Bird
29,Anisolabis maritima
30,Annulated Tree Boa
31,Anole Lizard
32,Anopheles gambiae mosquito
33,Ant
34,Anteater
35,Antelope
36,Anthus pratensis Bird
37,Antipaluria urichi webspinner
38,Aphid
39,Aphidius ervi Parasitoid Wasp
40,Aphis fabae Alates
41,Aphis fabae Aphid
42,Apis mellifera Honey Bee
43,Araneus diadematus Spider
44,Archer Fish
45,Archispirostreptus gigas Giant African Millipede
46,Ardea alba Egret
47,Ardeotis kori Bird
48,Argentine Ant
49,Arizona Bark Scorpion
50,Ashe's Spitting Cobra
51,Asian Glossy Starling Bird
52,Asian Lion
53,Asian Small-clawed Otter
54,Asian Tapir
55,Asiatic Golden Cat
56,Atheris hispida Viper
57,Atheris nitschei Viper
58,Atheris squamigera
59,Atlantic Blue Tang Fish
60,Australian Bowerbird
61,Australian King Parrot
62,Avicularia Spider
63,Azure Tit Bird
64,Babirusa
65,Baboon
66,Backswimmer
67,Badger
68,Bald Eagle
69,Banana Slug
70,Banded Rubber Frog
71,Banded Woodpecker
72,Bare-Faced Curassow
73,Barking Deer
74,Barracuda Fish
75,Barramundi Fish
76,Barred Warbler Bird
77,Basilisk Lizard
78,Bat
79,Battus philenor hirsuta
80,Battus philenor hirsuta Caterpillar
81,Bavayia sp. Gecko
82,Bay's Duiker
83,Bearded Pig
84,Beaver
85,Bee
86,Beetle
87,Bengal Tiger
88,Big Headed Ant
89,Bighorn Sheep
90,Binturong
91,Bird
92,Bison
93,Black Bean Aphid
94,Black Bearded Draco
95,Black Click Beetle
96,Black Duiker
97,Black Durgon Fish
98,Black Grouse
99,Black Headed Python
100,Black Mamba
101,Black Necked Spitting Cobra
102,Black Stork
103,Black Swan
104,Black-Winged Stilt
105,Blackbird
106,Blue Dasher Dragonfly
107,Blue Orchard Bee
108,Blue Orchard Bee Larva
109,Blue Poison Dart Frog
110,Blue Whale
111,Blue-Ringed Octopus
112,Bluehead Wrasse Fish
113,Bluethroat
114,Boa
115,Boar
116,Bogong Moth
117,Bombardier Beetle
118,Bongo
119,Bordered Mantis
120,Boreal Owl
121,Bornean Orangutan
122,Botaurus Stellaris Bird
123,Bothriechis
124,Bothrops Asper
125,Bottlenose Dolphin
126,Box Jellyfish
127,Boxer Crab
128,Brittle Star
129,Brooke's Duikers
130,Brown Garden Snail
131,Brown Hare
132,Brown-banded cockroach
133,Buffalo
134,Bull shark
135,Bullfinch
136,Bullfrog
137,Bullfrog Tadpole
138,Bumblebee
139,Bush Stone-Curlew
140,Bushmaster Snake
141,Butterfly
142,Butterfly Fish
143,Cabbage White Caterpillar
144,Caddisfly
145,Caddisfly Larva
146,Calamari
147,Calidris apina Bird
148,Calidris minuta Bird
149,California Newt
150,California Newt Young
151,California Oak Moth
152,California Oak Moth Larva
153,California Oak Moth Pupa
154,California Rock Crab
155,California Sea Lion
156,Camberwell Beauty Butterfly
157,Camel
158,Campbell's Monkey
159,Cape Buffalo
160,Capuchin Monkey
161,Carcharhinus galapagensis
162,Carcharhinus limbatus
163,Carcharias taurus
164,Carcharodon carcharias
165,Cardinal Fish
166,Caretta caretta Turtle
167,Caribou
168,Carolina Duck
169,Carribean Rock Mantis Shrimp
170,Caspian Tern
171,Cat
172,Caterpillar
173,Catfish
174,Cattle
175,Cayman
176,Chaffinch Bird
177,Chameleon
178,Chamois Goat Antelope
179,Charadrius dubius Bird
180,Cheetah
181,Chelonia mydas Turtle
182,Chicken
183,Chimpanzee
184,Chipmunk
185,Chrysoperla rufilabris Green Lacewing Larva
186,Cichlid
187,Circus aeruginosus Bird
188,Citrine Wagtail
189,Civet Cat
190,Clitarchus hookeri Common Stick Insect
191,Clouded Monitor Lizard
192,Clownfish
193,Coati
194,Cobra
195,Cockatiel
196,Cockroach
197,Coelacanth
198,Colugo
199,Common Basilisk Lizard
200,Common Bleak
201,Common Buzzard
202,Common Chaffinch Bird
203,Common Chiffchaff Bird
204,Common Crane
205,Common Crowned Pigeon
206,Common Cuckoo Bird
207,Common Eastern Bumblebee
208,Common Eider
209,Common Goldeneye
210,Common Greenshank
211,Common Quail Bird
212,Common Redshank
213,Common Rosefinch Bird
214,Common Snipe
215,Common Whitethroat Bird
216,Common Wood Pigeon
217,Cone Snail
218,Convergent Ladybug
219,Copper Shark
220,Coral Mimic Snake
221,Coral Snake
222,Corncrake
223,Coronate medusa Jellyfish
224,Coronella austriaca Snake
225,Corroboree Frog
226,Cotesia glomerata Wasp
227,Cougar
228,Cow
229,Coyote
230,Crab
231,Crane
232,Crane Fly
233,Crested Grebe Bird
234,Cricket
235,Crocodile
236,Crocodylus acutus Crocodile
237,Crocodylus palustris Crocodile
238,Crotalus willardi Ridge Nosed Rattlesnake
239,Crow
240,Crowned Eagle
241,Cryptic Kelp Crab
242,Cryptic Mantis
243,Culex pipiens Mosquito
244,Cuttlefish
245,Cyclosa Conica
246,Daddy Longlegs Spider
247,Dampwood Termite
248,Damsel Fish
249,Damselfly
250,Damselfly Nymph
251,Danaus plexippus Monarch Butterfly
252,Danaus plexippus Monarch Butterfly Caterpillar
253,Danube Bleak Fish
254,Danube Salmon
255,Darner Damselfly
256,Darner Damselfly Larva
257,Darwin's Frog
258,Decorator Crab
259,Deer
260,Dendroaspis polylepis Black Mamba
261,Desert Fox
262,Desert Rain Frog
263,Dholes
264,Diana Monkey
265,Dice Snake
266,Dingo Dog
267,Dispholidus typus Snake
268,Diving Bell Water Spider
269,Dog
270,Dog Faced Water Snake
271,Dolphin
272,Donkey
273,Dorado
274,Draco Lizard
275,Dragonfly
276,Drosophila melanogaster Fruit Fly
277,Duck
278,Dumbo Octopus
279,Dumeril's Boa
280,Eagle
281,Earthworm
282,Eastern montpellier Snake
283,Echina
284,Eel
285,Eelgrass Isopod
286,Eelgrass Sea Hare
287,Egret
288,Elegant Bronzeback Snake
289,Elephant
290,Elk
291,Emerita analoga
292,Ensatina
293,Estuarine Crocodile
294,Eurasian Skylark Bird
295,Eurasian Wren Bird
296,Eurasian Wryneck Bird
297,European Robin Bird
298,European Serin Bird
299,European Turtle Dove
300,Eyelash Pit Viper
301,Falcon
302,Fea's Muntjac
303,Feather Star
304,Feathery Tailed Flatted Bug
305,Fer-de-lance snake
306,Fiddler Crab
307,Firebrat Insect
308,Firecrest Bird
309,Firefly
310,Fish
311,Fishing Cat
312,Flame Skimmer Dragonfly
313,Flamingo
314,Flamingo Young
315,Flowerhorn Fish
316,Fly
317,Flying Ant
318,Flying Fish
319,Flying Lizard
320,Flying Snake
321,Foam Nest Frog
322,Forest Buffalo
323,Forest Cobra
324,Forficula auricularia
325,Formica accreta
326,Fox
327,Frigatebird
328,Frilled Neck Lizard
329,Frog
330,Frog Tadpole
331,Fruit Bat
332,Fruit Fly
333,Gaboon Viper
334,Galapagos Tortoise
335,Galeocerdo cuvier
336,Gallinago gallinago Bird
337,Garganey
338,Gaur
339,Gavialis gangeticus Crocodile
340,Gazelle
341,Gecarcinus lateralis Crab
342,Gecko
343,Genet
344,Gerbil
345,Gharial
346,Giant Forest Hog
347,Giant Galapagos Tortoise
348,Giant Gerbil
349,Giant Ground Gecko
350,Giant Ground Pangolin
351,Giant Hornet
352,Giant Salamander
353,Giant Tortoise
354,Giant Trevally
355,Gibbon
356,Gila Monster
357,Giraffe
358,Glass Frog
359,Glossina morsitans morsitans
360,Glossina morsitans morsitans Larva
361,Goat
362,Goby Fish
363,Goldcrest Bird
364,Golden Eagle
365,Golden Orb Spider
366,Golden Oriole
367,Golden Poison Frog
368,Goldfinch
369,Goose
370,Gorilla
371,Graphocephala atropunctata Sharpshooter
372,Grass Snake
373,Grass Spider
374,Grass Warbler Bird
375,Grasshopper
376,Grasshopper Warbler
377,Gray Angelfish
378,Gray Whale
379,Grayling Fish
380,Great Argus
381,Great Curassow
382,Great Diving Beetle
383,Great Egret
384,Great Grey Shrike
385,Great Grey Shrike Young
386,Great Ramshorn Snail
387,Great Reed Warbler Bird
388,Great Snipe
389,Great White Shark
390,Greater Flamingo
391,Greater Mouse Deer
392,Greater Racket Tail Drongo
393,Grebe Bird
394,Green Bottle Fly
395,Green Crested Lizard
396,Green Iguana
397,Green Mamba
398,Green Pea Aphid
399,Green Woodpecker
400,Greta oto Glasswing Butterfly
401,Greta oto Glasswing Butterfly Caterpillar
402,Grey Bird
403,Grey Heron
404,Grey Langur
405,Grey Langur Young
406,Greylag Goose
407,Grizzly Bear
408,Gryllus lineaticeps
409,Guanaco
410,Guinea Pig
411,Gull
412,Guppy
413,Guttural Toad
414,Gyalopion canum Snake
415,Habronattus clypeatus
416,Hairworm
417,Hairworm Egg
418,Hairworm Larva
419,Hairy Caterpillar
420,Halyomorpha halys
421,Hamadryas feronia Variable Cracker Butterfly
422,Hammerhead Shark
423,Hartebeest
424,Hartlaub's Duck
425,Harvester Ant
426,Hawfinch Bird
427,Hawk
428,Hawksbill Turtle
429,Hazel Grouse Bird
430,Hedgehog
431,Helmeted Guineafowl
432,Hermit Crab
433,Heron
434,Hippodamia convergens Ladybug
435,Hippopotamus
436,Hognosed pit Viper
437,Homalodisca vitripennis Sharpshooter
438,Honey Bee
439,Hoopoe
440,Hornbill
441,Horned Adder
442,Horse
443,Horse Young
444,Horseshoe Crab
445,House Centipede
446,House Cricket
447,Housefly
448,Hoverfly
449,Hoverfly Young
450,Hummingbird
451,Hydroid
452,Hyena
453,Ibex
454,Ibis hagedash
455,Icterine Warbler Bird
456,Iguana
457,Impala
458,Indian Chameleon
459,Indian Walking Stick
460,Insect
461,Ixos mcclellandii
462,Jack Snipe Bird
463,Jackal
464,Jaculus jaculus
465,Jaguarundi Cat
466,Jameson's Mamba
467,Javan Spitting Cobra
468,Jellyfish
469,Jentink's Duiker
470,Jerusalam Cricket
471,Jeweled Cockroach Wasp
472,Johnston's Chameleon
473,Jumping Spider
474,Kangaroo
475,Kangaroo Rat
476,Kangaroo Young
477,Keeltail Needlefish
478,King Cobra
479,King Colobus
480,Kingfisher
481,Kiwi
482,Koala
483,Komodo Dragon
484,Ladybug
485,Lampropeltis getula Snake
486,Lampropeltis pyromelana Snake
487,Lampropeltis splendida Snake
488,Lampropeltis zonata Snake
489,Lanius excubitor
490,Larus canus Bird
491,Larus ridibundus Bird
492,Larva
493,Laticauda saintgironsi Sea Krait
494,Latrodectus hersperus Western Widow Spider
495,Leaf Insect
496,Leaf-tailed Gecko
497,Leafcutter Ant
498,Leatherback Sea Turtle
499,Leech
500,Leopard
501,Leopard Gecko
502,Leopard Seal
503,Lepidobatrachus laevis Frog
504,Lesser Mousedeer
505,Lesser Spot Nosed Monkey
506,Lesser Sunda Pit Viper
507,Lichanura trivirgata Snake
508,Lightfoot Crab
509,Lion
510,Lion Young
511,Lionfish
512,Little Crake Bird
513,Little Egret
514,Lizard
515,Lobster
516,Long Horned Beetle
517,Long Tail Scorpion
518,Long Tailed Macaque
519,Long-toed Water Beetle
520,Luscinia luscinia Nightingale Bird
521,Lynx
522,Macaque
523,Madagascar Hissing Cockroach
524,Madagascar Hissing Cockroach Mite
525,Malabar Pit Viper
526,Malayan Flying Fox
527,Malayan Porcupine
528,Malayan Sun Bear
529,Malayan Tapir
530,Malayan Water Monitor Lizard
531,Mallard Duck
532,Mandarin Duck
533,Mandrill
534,Manta Ray
535,Mantis
536,Mantis Shrimp
537,Many Horned Adder
538,Marbled Cat
539,Marbled Rubber Frog
540,Marine Iguana
541,Markhor Goat
542,Maroon Macaque
543,Marsh Frog
544,Marsh Harrier Bird
545,Marshbuck
546,Maxwell's Duiker
547,Mayfly
548,Mayfly Larva
549,Meerkat
550,Megalorchestia californiana Beach Hopper
551,Melanosuchus niger Crocodile
552,Metlapilcoatlus mexicanus Jumping Pit Viper
553,Metrius Bombardier Beetle
554,Micruroides euryxanthus Snake
555,Millipede
556,Mimic Blenny Fish
557,Mimic Poison Frog
558,Minke Whale
559,Mistle Thrush
560,Mitred Leaf Monkey
561,Mojave Rattlesnake
562,Mojave Rattlesnake Young
563,Mongoose
564,Monitor Lizard
565,Monkey
566,Monkey Young
567,Monster Frog
568,Montagu's Harrier
569,Montagu's Harrier Young
570,Montpellier Snake
571,Moose
572,Moray Eel
573,Morning Gecko
574,Morpho Butterfly
575,Mosquito
576,Mosquito Larva
577,Moss Crab
578,Motacilla alba Bird
579,Motacilla flava
580,Moth
581,Mountain Gorilla
582,Mountain Pygmy Possum
583,Mountain Yellow-Legged Frog
584,Mouse
585,Mouse Deer
586,Mozambique Spitting Cobra
587,Mudskipper
588,Mule Deer
589,Myna
590,Naja Nivea Snake
591,Namaqua Dwarf Adder
592,Namaqua Dwarf Chameleon
593,Nasutitermes nigriceps Termite
594,Natrix natrix Snake
595,Natrix tessellata Snake
596,Nautilus
597,Nerillid worm
598,Newt
599,Newt Young
600,Nightingale Bird
601,Nilgai
602,Nine Banded Armadillo
603,Northern Pacific Rattlesnake
604,Nose-Horned Viper
605,Nudibranch
606,Numenius arquata Bird
607,Nursery Web Spider
608,Nuthatch Bird
609,Nymphidium sp. Caterpillar
610,Ocelot
611,Octopus
612,Ocyropsis Ctenophore
613,Olive Colobus
614,Opossum
615,Orange Clownfish
616,Orangutan
617,Orb Spider
618,Orb-Weaver Spider
619,Orca
620,Oriental Pied Hornbill
621,Oriental Whip Snake
622,Osteolaemus osborni Crocodile
623,Ostrich
624,Otter
625,Owen's Chameleon
626,Owl
627,Pacman Frog
628,Paddlefish
629,Panda
630,Pangolin
631,Paradise Tree Snake
632,Parakeet
633,Parrot
634,Peacock
635,Peacock Mantis Shrimp
636,Pelican
637,Penguin
638,Perch Fish
639,Phalacrocorax carbo Bird
640,Philomachus pugnax Ruff Bird
641,Phyllium giganteum
642,Pig-Tailed Macaque
643,Pigeon
644,Pika
645,Pike Perch Fish
646,Pill Bug
647,Pink Skunk Clownfish
648,Pipevine Swallowtail Caterpillar
649,Piranha
650,Pistol Shrimp
651,Pit Viper
652,Pituophis catenifer Snake
653,Planarian schmidtea Mediterranea Flatworm
654,Plantain Squirrel
655,Platypus
656,Polar Bear
657,Polyergus mexicanus
658,Porcupine
659,Portia Jumping Spider
660,Portugese Man O'War
661,Postman Butterfly
662,Postman Butterfly Caterpillar
663,Prawn
664,Praying Mantis
665,Predaceous Diving Beetle
666,Prevost's Squirrel
667,Proboscis Monkey
668,Promecognathus crassus Beetle
669,Puff Adder
670,Pufferfish
671,Puffin
672,Puma
673,Pygmy Hippopotamus
674,Pygmy Owl
675,Pygmy Seahorse
676,Python
677,Quail
678,Quokka
679,Rabbit
680,Racoon
681,Raffles Banded Langur
682,Rain Frog
683,Rat
684,Rat Snake
685,Rattlesnake
686,Raven
687,Red Ant
688,Red Bellied Black Snake
689,Red Crossbill
690,Red Panda
691,Red River Hog
692,Red Ruffed Lemur
693,Red Spitting Cobra
694,Red-Backed Shrike Bird
695,Red-Backed Shrike Bird Young
696,Red-Blacked Squirrel Monkey
697,Red-Eyed Tree Frog
698,Red-Ruffed Lemur
699,Red-Throated Pipit
700,Redback Spider
701,Reed Bunting Bird
702,Reef Octopus
703,Reindeer
704,Remiz pendulinus Bird
705,Reticulated Python
706,Rhacodactylus trachyrhynchus Gecko
707,Rhamnophis aethiopissa Snake
708,Rhesus Macaque
709,Rhincodon typus
710,Rhinoceros
711,Rhinoceros Viper
712,Rhinoceros Young
713,Ring-Tailed Lemur
714,Rinkhals Snake
715,Robin Bird
716,Rockfish
717,Roe Deer
718,Rooster
719,Rose-Breasted Cockatoo
720,Round Face Bat Fish
721,Royal Grammas Fish
722,Russell's Viper
723,Saddleback Galapagos Tortoise
724,Sagittarius Serpentarius Bird
725,Salamander
726,Salmon
727,Salticidae Jumping Spider
728,Saltwater Crocodile
729,Sambar Deer
730,Sand Bubbler Crab
731,Sand Frog
732,Sand Hopper
733,Sardine
734,Savi's Warbler Bird
735,Sawfish
736,Scallop
737,Scorpion
738,Scutigera coleoptera House Centipede
739,Sea Bird
740,Sea Cockroach
741,Sea Cucumber
742,Sea Goldies
743,Sea Lion
744,Sea Otter
745,Sea Slug
746,Sea Snail
747,Sea Snake
748,Sea Spider
749,Sea Toad Fish
750,Sea Turtle
751,Sea Urchin
752,Seagull
753,Seahorse
754,Seal
755,Sedge Warbler Bird
756,Sergeant Major Fish
757,Serow
758,Seven Banded Civet
759,Shark
760,Shearwater Bird
761,Shield Bug
762,Shoebill Bird
763,Shorebird
764,Short-Clawed Otter
765,Shrimp
766,Siamese Fighting Fish
767,Side Blotched Lizard
768,Sidewinder Rattlesnake
769,Singing Nightingale
770,Skate
771,Skink
772,Skylark
773,Slender Hognosed Pit Viper
774,Slender-snouted Crocodile
775,Sloth
776,Sloth Bear
777,Slow Loris
778,Smew
779,Smooth-Coated Otter
780,Snail
781,Snake
782,Snouted Cobra
783,Snow Leopard
784,Socotra Cormorant
785,Song Thrush Bird
786,Sooty Mangabey
787,Southern Grasshopper Mouse
788,Sparrow
789,Sparrowhawk
790,Spectacled Cobra
791,Spider
792,Spider Crab
793,Spiny Flower Mantis
794,Spotted Deer
795,Spotted Whistling Duck
796,Spotted Wood Owl
797,Squid
798,Squirrel
799,Sri Lankan Leopard
800,Stag Beetle
801,Stagmomantis limbata Bordered Mantis
802,Starfish
803,Starling Bird
804,Sterlet Fish
805,Stick Insect
806,Stingray
807,Stoat
808,Stock Dove
809,Stonefish
810,Stork
811,Stork-billed Kingfisher
812,Strange-horned Chameleon
813,Straw-necked Ibis
814,Strawberry Poison-dart Frog
815,Stump-tailed Macaque
816,Sumatran Hog Badger
817,Sumatran Orangutan
818,Sumatran Serow
819,Sumatran Tiger
820,Sunbear
821,Surgeonfish
822,Swallow
823,Swan
824,Syllid worm
825,Tachybaptus ruficollis Bird
826,Tadpole
827,Tamandua
828,Tarantula
829,Tarantula Hawk Wasp
830,Tawny Owl
831,Tayra
832,Teddy Bear Crab
833,Tench Fish
834,Termite
835,Tern
836,Terrapin
837,Tetragnatha versicolor
838,Texas Brown Tarantula
839,Thamin Deer
840,Thamnophis cyrtopsis Snake
841,Thelotornis Snake
842,Three-toed Woodpecker
843,Thrush Nightingale Bird
844,Tiger
845,Tiger Salamander
846,Tiger Shark
847,Tinamou
848,Tit Bird
849,Toad
850,Toadfish
851,Tomato Frog
852,Tomistoma schlegelii Gharial
853,Tortoise
854,Toucan
855,Trap-Door Spider
856,Tree Climbing Crab
857,Tree Hopper
858,Tree Snake
859,Tringa erythropus Bird
860,Tringa glareola Bird
861,Tringa nebularia Bird
862,Tringa ochropus Bird
863,Trissolcus japonicus Wasp
864,Tropical Reed Frog
865,Trout
866,Trout Young
867,Tuatara
868,Tuna
869,Turdus merula Blackbird
870,Turret Spider
871,Turtle
872,Turtle Dove
873,Two-Toed Sloth
874,Vampire Squid
875,Vanellus vanellus Bird
876,Vanessa cardui Caterpillar
877,Vimba Fish
878,Viper
879,Vipera berus Snake
880,Vulture
881,Walking Stick
882,Walrus
883,Wandering Alabatross
884,Warthog
885,Wasp
886,Water Dipper Bird
887,Water Insect
888,Water Lily Frog
889,Water Rail Bird
890,Water Scorpion
891,Water Strider
892,Water Threader
893,Weaver Ant
894,Wedge Tailed Eagle
895,Western Chimpanzee
896,Western Chimpanzee Young
897,Western Diamondback
898,Western Diamondback Young
899,Western Dwarf Chameleon
900,Western Pine Beetle
901,Western Pine Beetle Larva
902,Western Pond Turtle
903,Western Widow Spider
904,Western-crest Guineafowl
905,Whale
906,Whinchat Bird
907,Whiskered Tern Bird
908,Whistling Duck
909,White Cockatoo Bird
910,White Faced Heron
911,White Nosed Coati
912,White Rhinoceros
913,White Speckled Rattlesnake
914,White Throated Dipper Bird
915,White Tiger
916,White Wig Marine Iguana
917,White and Gray Wagtail Bird
918,White-Faced Saki Monkey
919,White-backed Woodpecker
920,White-bellied Fish Eagle
921,White-breasted Guineafowl
922,White-breasted Waterhen
923,Whooper Swan
924,Wild Boar
925,Wild Dog
926,Wild Red-Tailed Boa
927,Wildebeest
928,Winter Ant
929,Wolf
930,Wolverine
931,Wombat
932,Wood Cricket
933,Wood Warbler
934,Woodlark Bird
935,Woodpecker
936,Worm
937,Wormlion
938,Wormlion Larva
939,Wren
940,Xystocheir dissecta Millipede
941,Yak
942,Yellow Cuttlefish
943,Yellow Striped Tree Skink
944,Yellow Watchman Goby Fish
945,Yellow Wrasse Fish
946,Yellow-backed Duiker
947,Yellow-eyed ensatina
948,Yellow-throated Martens
949,Yellowhammer
950,Yellowhammer Young
951,Yellowtail Fusilier Fish
952,Zamenis longissiumus Snake
953,Zebra
954,Zebra-Duiker
955,Zooplankton
956,Zygiella x-notata
957,Ð¡ommon Eider
